{"cameraMode":{"drawMode":0,"name":"Shaded","section":"Shading Mode"},"sceneLighting":true,"audioPlay":false,"sceneViewState":{"showFog":true,"showMaterialUpdate":false,"showSkybox":true,"showFlares":true,"showImageEffects":true,"showParticleSystems":true},"in2DMode":false,"pivot":{"x":1.8356876373291016,"y":-1.4750022888183594,"z":-3.3818588256835939},"rotation":{"x":-0.030936170369386674,"y":0.9678829908370972,"z":-0.19903235137462617,"w":-0.15044081211090089},"size":44.25767135620117,"orthographic":false}