{"cameraMode":{"drawMode":0,"name":"Shaded","section":"Shading Mode"},"sceneLighting":false,"audioPlay":false,"sceneViewState":{"showFog":true,"showMaterialUpdate":false,"showSkybox":false,"showFlares":true,"showImageEffects":true,"showParticleSystems":true},"in2DMode":false,"pivot":{"x":1.6975984573364258,"y":0.8173832893371582,"z":3.137727737426758},"rotation":{"x":-0.30586904287338259,"y":0.1804848611354828,"z":-0.059172239154577258,"w":-0.9329479336738586},"size":6.4116010665893559,"orthographic":false}