{"cameraMode":{"drawMode":0,"name":"Shaded","section":"Shading Mode"},"sceneLighting":false,"audioPlay":false,"sceneViewState":{"showFog":true,"showMaterialUpdate":false,"showSkybox":false,"showFlares":true,"showImageEffects":true,"showParticleSystems":true},"in2DMode":false,"pivot":{"x":3.3043227195739748,"y":2.02997088432312,"z":-0.8227205276489258},"rotation":{"x":-0.21134735643863679,"y":0.056259796023368838,"z":-0.01218855194747448,"w":-0.9757282733917236},"size":0.8156993389129639,"orthographic":false}