{"cameraMode":{"drawMode":0,"name":"Shaded","section":"Shading Mode"},"sceneLighting":false,"audioPlay":false,"sceneViewState":{"showFog":true,"showMaterialUpdate":false,"showSkybox":false,"showFlares":true,"showImageEffects":true,"showParticleSystems":true},"in2DMode":false,"pivot":{"x":0.1770113706588745,"y":-0.29228878021240237,"z":1.9067139625549317},"rotation":{"x":-0.2169126570224762,"y":0.07517589628696442,"z":-0.01675674319267273,"w":-0.9731619954109192},"size":2.915699005126953,"orthographic":false}