{"cameraMode":{"drawMode":0,"name":"Shaded","section":"Shading Mode"},"sceneLighting":true,"audioPlay":false,"sceneViewState":{"showFog":true,"showMaterialUpdate":false,"showSkybox":true,"showFlares":true,"showImageEffects":true,"showParticleSystems":true},"in2DMode":false,"pivot":{"x":530.6441650390625,"y":1114.1007080078125,"z":206.236083984375},"rotation":{"x":-0.016772011294960977,"y":0.06653854250907898,"z":-0.0011193652171641589,"w":-0.9976579546928406},"size":1565.4573974609375,"orthographic":false}